99550697,99550697
99550697,nyserq
99550697,41758984
99550697,80722428
Celine_Young,Celine_Young
88180115,88180115
83358579,83358579
BettyLuu,BettyLuu
141330429,141330429
152281142,152281142
149570359,149570359
sophia_yang,sophia_yang
dalaoshi9999,dalaoshi9999
dalaoshi9999,veverlee
sugicsq,sugicsq
53773948,53773948
yuyue_9527,yuyue_9527
kayking,kayking
156293263,156293263
66800603,66800603
fengcate,fengcate
iocye,iocye
138422735,138422735
35893058,35893058
145508603,145508603
144923197,144923197
137986876,137986876
144479765,144479765
126269009,126269009
58046256,58046256
120795139,120795139
58342537,58342537
151355735,151355735
135842826,135842826
127204942,127204942
52233519,52233519
141990756,141990756
127752505,127752505
119113192,119113192
119113192,dalaoshi9999
144245138,144245138
58570436,58570436
58570436,angle223
58570436,rakumm
58570436,49213881
58570436,lithiumberry
cazze,cazze
cazze,69290051
1282175,1282175
zuosan,zuosan
zuosan,69290051
zuosan,imecstasy
willdawn,willdawn
willdawn,TERRYBEAR
willdawn,yinxiang
willdawn,imecstasy
willdawn,shezaizuyi
wenzel,wenzel
wenzel,ingwerstein
wenzel,1815039
108077404,108077404
ecane,ecane
lithiumberry,lithiumberry
lithiumberry,3310354
lithiumberry,3718831
lithiumberry,58059498
Rabit43127157,Rabit43127157
Rabit43127157,sho_chiu
Rabit43127157,shaomao1
78164697,78164697
63730928,63730928
63730928,58059498
Makoto614,Makoto614
Makoto614,abin520918
Makoto614,satan163
Makoto614,wenzel
Makoto614,metkee
Makoto614,FrankWasabi
Makoto614,yinxiang
Makoto614,veverlee
Makoto614,xiubei
Makoto614,49213881
Makoto614,rakumm
3743261,3743261
70930463,70930463
36795841,36795841
36795841,AveryShen
fszzsndjdbxd,fszzsndjdbxd
fszzsndjdbxd,58059498
fszzsndjdbxd,yinxiang
fszzsndjdbxd,chunsue
66989068,66989068
rlly503,rlly503
rlly503,chunsue
rlly503,wenzel
heptahedron,heptahedron
heptahedron,lauraxue
limingzhu626,limingzhu626
13310358,13310358
138297654,138297654
56827554,56827554
121487252,121487252
1869247,1869247
121697024,121697024
dreamsun_94,dreamsun_94
dreamsun_94,rakumm
79168746,79168746
4662505,4662505
127982943,127982943
96237677,96237677
156548499,156548499
1444948,1444948
69290051,69290051
69290051,shezaizuyi
69290051,80722428
69290051,satan163
69290051,Huxinghang510
69290051,zuosan
69290051,rakumm
69290051,veverlee
69290051,46815070
69290051,53269895
69290051,58059498
69290051,3718831
3982646,3982646
3982646,wenzel
3982646,2003629
tuta,tuta
tuta,hualala
tuta,dormant
75805315,75805315
75805315,satan163
75805315,yinxiang
75805315,3718831
3310354,3310354
3310354,yinxiang
3310354,48198672
3310354,75805315
37313645,37313645
37313645,yinxiang
75609687,75609687
75609687,69290051
musemomo,musemomo
shezaizuyi,shezaizuyi
FrankWasabi,FrankWasabi
FrankWasabi,gegejing
FrankWasabi,imecstasy
FrankWasabi,chunsue
ewan7,ewan7
80722428,80722428
80722428,Sammyzheng
80722428,thecatintherye
80722428,veverlee
80722428,nyserq
14928622,14928622
catvoldemort,catvoldemort
2248658,2248658
mrlee9238,mrlee9238
lilyang,lilyang
tildali1214,tildali1214
tildali1214,yinxiang
helicopter,helicopter
helicopter,TheGZMovieGuy
helicopter,wenzel
66184715,66184715
66184715,gegejing
66184715,imecstasy
jad1s,jad1s
64882453,64882453
shuangyugongjue,shuangyugongjue
shuangyugongjue,yinxiang
4175111,4175111
4175111,veverlee
choux,choux
emlia,emlia
rae,rae
TERRYBEAR,TERRYBEAR
TERRYBEAR,rakumm
TERRYBEAR,angle223
56411248,56411248
56411248,rakumm
56411248,80722428
56411248,2946082
56411248,yinxiang
questwoo,questwoo
questwoo,blueshadow
kovivida,kovivida
Chliztian,Chliztian
verrivanii,verrivanii
verrivanii,rakumm
3000313,3000313
louis_li,louis_li
louis_li,some_Ji
Black2018,Black2018
guomuyang,guomuyang
68632569,68632569
chrisWen,chrisWen
chrisWen,Death1nJuly
some_Ji,some_Ji
some_Ji,louis_li
some_Ji,ingwerstein
74133741,74133741
thecatintherye,thecatintherye
thecatintherye,catherinehman
thecatintherye,chen1776
thecatintherye,byebyebadman
thecatintherye,wenzel
thecatintherye,blueshadow
thecatintherye,Sammyzheng
thecatintherye,sho_chiu
thecatintherye,80722428
thecatintherye,cazze
thecatintherye,shaomao1
thecatintherye,chunsue
gegejing,gegejing
gegejing,FrankWasabi
gegejing,fotox
gegejing,zuosan
gegejing,yinxiang
ilovelusi,ilovelusi
jiangziwen,jiangziwen
jiangziwen,maydaysweety
xc-cindy,xc-cindy
53643483,53643483
limontai,limontai
80813290,80813290
68825060,68825060
verawxl,verawxl
Ylraeon,Ylraeon
porKiller,porKiller
billbzzhang,billbzzhang
whowho2008,whowho2008
83767002,83767002
36500825,36500825
151844672,151844672
151844672,54300054
151844672,48687824
irissharing,irissharing
missmici,missmici
Moondancelu,Moondancelu
ayint,ayint
12388561,12388561
12388561,along
57413660,57413660
2198692,2198692
79699912,79699912
cleonrui,cleonrui
yunzigao,yunzigao
xiaozidezi,xiaozidezi
142831820,142831820
ichigogogo,ichigogogo
80766351,80766351
57774716,57774716
57774716,veverlee
57774716,chunsue
77014669,77014669
maydaysweety,maydaysweety
maydaysweety,jiangziwen
46388956,46388956
127408197,127408197
gasolin,gasolin
laylasn,laylasn
meiamour,meiamour
3358296,3358296
51264470,51264470
linkelf,linkelf
52222708,52222708
accelerator21,accelerator21
accelerator21,58059498
91640353,91640353
60854074,60854074
39355167,39355167
7632975,7632975
41786595,41786595
46456770,46456770
154580297,154580297
Gabrielle_11,Gabrielle_11
51583782,51583782
Toutou7,Toutou7
1058726,1058726
1058726,chunsue
sweetnnuthin423,sweetnnuthin423
sweetnnuthin423,wenzel
sweetnnuthin423,FrankWasabi
19676752,19676752
maiji,maiji
33201871,33201871
llamame,llamame
76057834,76057834
Chilwoo,Chilwoo
imking666,imking666
57451219,57451219
49341787,49341787
136791484,136791484
119074407,119074407
84031569,84031569
34117542,34117542
151964683,151964683
alexlibra,alexlibra
134219184,134219184
83891521,83891521
mrdalloway,mrdalloway
mrdalloway,mrdalloway
maraton,maraton
68792801,68792801
togilj,togilj
Grizabella,Grizabella
Acorus,Acorus
applires,applires
4856461,4856461
sadakofuji,sadakofuji
137282375,137282375
146730004,146730004
pinkkumo,pinkkumo
1919109,1919109
63445845,63445845
74772362,74772362
157067682,157067682
1641226,1641226
stay-labyrinth,stay-labyrinth
73919831,73919831
GeoLogus,GeoLogus
99995336,99995336
55823396,55823396
154805320,154805320
78837465,78837465
54300054,54300054
54300054,151844672
156367754,156367754
heartkokoro,heartkokoro
paparuyun,paparuyun
36552060,36552060
148101558,148101558
64710075,64710075
154693373,154693373
74058657,74058657
74058657,yinxiang
yupian,yupian
yupian,43746
124754609,124754609
10140622,10140622
148424418,148424418
fromforest,fromforest
54764511,54764511
152809509,152809509
leeleoxia,leeleoxia
149100023,149100023
tobiah,tobiah
4221061,4221061
67854856,67854856
119076891,119076891
Wendyjiang,Wendyjiang
MoJiu,MoJiu
45806564,45806564
82576297,82576297
XIALI,XIALI
48923783,48923783
64502228,64502228
46070813,46070813
103732735,103732735
43838422,43838422
48956597,48956597
48132039,48132039
50537038,50537038
145983605,145983605
144009706,144009706
87499541,87499541
119855277,119855277
56973622,56973622
63672269,63672269
77648355,77648355
132932263,132932263
121727087,121727087
156305433,156305433
72764839,72764839
139501455,139501455
156546936,156546936
138932959,138932959
142961972,142961972
139374093,139374093
54045120,54045120
158616332,158616332
158574352,158574352
158574352,58059498
158574352,1815039
67131342,67131342
62651337,62651337
54731797,54731797
yinxiang,yinxiang
yinxiang,58059498
yinxiang,75805315
yinxiang,wenzel
yinxiang,ruo222
angle223,angle223
angle223,TERRYBEAR
Zazai,Zazai
hankluo,hankluo
hankluo,veverlee
hankluo,wenzel
hankluo,chunsue
hankluo,yinxiang
hankluo,niguize
45414635,45414635
124092156,124092156
49213881,49213881
49213881,58059498
49213881,yinxiang
mankee,mankee
satan163,satan163
satan163,Makoto614
satan163,75805315
satan163,58059498
satan163,nangle
satan163,1815039
satan163,S.Q.X
satan163,3718831
satan163,veverlee
satan163,yinxiang
137763528,137763528
137763528,69290051
119429128,119429128
119429128,157237265
119429128,153950189
119429128,156064887
67374495,67374495
67374495,ZebraBookstore
67374495,yinxiang
67374495,69290051
AveryShen,AveryShen
45749483,45749483
45749483,hankluo
45749483,aaaaaaaaaaa
131719688,131719688
131719688,chesterchoi
YYDEE,YYDEE
YYDEE,veverlee
YYDEE,yinxiang
YYDEE,wenzel
lalalin,lalalin
summer0706,summer0706
iorl,iorl
iorl,wenzel
iorl,angle223
iorl,ingwerstein
iorl,rakumm
iorl,yinxiang
iorl,veverlee
iorl,along
68161017,68161017
48369193,48369193
singdraw,singdraw
125114672,125114672
hwq0809,hwq0809
maktubdestiny,maktubdestiny
83363637,83363637
birdieeos,birdieeos
153950189,153950189
153950189,157237265
153950189,119429128
156064887,156064887
156064887,veverlee
156064887,157237265
156064887,119429128
147019613,147019613
147019613,Amelieyou
147019613,veverlee
147019613,46815070
3407891,3407891
3407891,wenzel
3407891,yinxiang
david214,david214
david214,veverlee
david214,shezaizuyi
david214,pussio
david214,blueshadow
david214,Bplus
40251997,40251997
142521368,142521368
129783136,129783136
132099750,132099750
woodvillage,woodvillage
1169851,1169851
75688896,75688896
wangao0121,wangao0121
132595212,132595212
151538080,151538080
51720308,51720308
47392079,47392079
orangeumoon,orangeumoon
orangeumoon,58059498
huitianyou,huitianyou
huitianyou,a3san
62606706,62606706
61276700,61276700
61276700,veverlee
126734953,126734953
144515746,144515746
41531934,41531934
diana53,diana53
58081204,58081204
157237265,157237265
157237265,119429128
157237265,153950189
157237265,156064887
63661558,63661558
63661558,angle223
63661558,veverlee
144439504,144439504
136525619,136525619
128666422,128666422
50702384,50702384
83686318,83686318
52629724,52629724
155404045,155404045
135085657,135085657
51949652,51949652
110170204,110170204
1770636,1770636
151267648,151267648
78282612,78282612
Bplus,Bplus
Bplus,aaaaaaaaaaa
Bplus,chunsue
Bplus,david214
kevindai07,kevindai07
119878538,119878538
zoelovebing,zoelovebing
3355167,3355167
124568524,124568524
4434079,4434079
mingge1992,mingge1992
126028524,126028524
126028524,yinxiang
43106012,43106012
46896226,46896226
arida4444,arida4444
50953472,50953472
146053212,146053212
typhanie,typhanie
typhanie,rakumm
43938230,43938230
53983091,53983091
53983091,veverlee
Kingth,Kingth
3439235,3439235
115772568,115772568
45535711,45535711
Amelieyou,Amelieyou
82765640,82765640
amylewis,amylewis
52045277,52045277
119945954,119945954
46329616,46329616
141283048,141283048
141283048,chunsue
131895996,131895996
146885131,146885131
leonstratos,leonstratos
148254055,148254055
BasiGuangnian,BasiGuangnian
3548264,3548264
68609749,68609749
71803735,71803735
talkwith1988,talkwith1988
157071960,157071960
138778899,138778899
2505256,2505256
47370048,47370048
122361372,122361372
qingyang2011,qingyang2011
1428147,1428147
156113290,156113290
150328587,150328587
153303221,153303221
153343327,153343327
sleep-123,sleep-123
156053724,156053724
158823685,158823685
4209553,4209553
158256783,158256783
47911007,47911007
56035003,56035003
52044633,52044633
32135185,32135185
70323822,70323822
150213593,150213593
byebyebadman,byebyebadman
byebyebadman,chunsue
byebyebadman,yinxiang
byebyebadman,ivanshark
43846305,43846305
43846305,wenzel
54158519,54158519
55340250,55340250
55340250,3310354
46572945,46572945
148975016,148975016
148975016,69290051
cici2636,cici2636
140385575,140385575
155374254,155374254
154784998,154784998
njtintin,njtintin
146938025,146938025
1798295,1798295
53323941,53323941
126760196,126760196
exploremore,exploremore
exploremore,43746
exploremore,dormant
102947825,102947825
10182566,10182566
50033341,50033341
palomine,palomine
15343656,15343656
68743256,68743256
cheergao,cheergao
51133130,51133130
54203798,54203798
kidify,kidify
76785140,76785140
76785140,69290051
76785140,angle223
147928648,147928648
129819393,129819393
155438139,155438139
1185291,1185291
140764103,140764103
34542650,34542650
nevertori,nevertori
veverlee,veverlee
veverlee,63661558
veverlee,4175111
veverlee,satan163
veverlee,2003629
veverlee,chunsue
quzhantuoyue,quzhantuoyue
youngriver,youngriver
youngriver,rakumm
2911366,2911366
kurillaz,kurillaz
kurillaz,1815039
kurillaz,veverlee
kurillaz,sho_chiu
kurillaz,suzanne1005
fccz,fccz
65236397,65236397
66535614,66535614
5525460,5525460
yiliawen,yiliawen
baijixing,baijixing
35283943,35283943
13570007,13570007
144054432,144054432
cynthia3922,cynthia3922
direvil,direvil
direvil,shezaizuyi
direvil,FrankWasabi
direvil,58059498
luoshuiyunshang,luoshuiyunshang
luoshuiyunshang,43746
81775805,81775805
99340821,99340821
63676625,63676625
47826669,47826669
xiaxueyuanzi,xiaxueyuanzi
155377007,155377007
135867497,135867497
135867497,58059498
48342724,48342724
50491497,50491497
50491497,petertang
a2555,a2555
a2555,58059498
a2555,69290051
155298515,155298515
LululuJR,LululuJR
157835480,157835480
70638098,70638098
rakumm,rakumm
imecstasy,imecstasy
imecstasy,zuosan
imecstasy,FrankWasabi
imecstasy,chunsue
imecstasy,3718831
Huxinghang510,Huxinghang510
Huxinghang510,abin520918
Huxinghang510,1815039
Huxinghang510,69290051
Huxinghang510,58059498
Huxinghang510,53269895
1815039,1815039
1815039,158574352
1815039,Huxinghang510
1815039,58059498
1815039,imecstasy
1815039,3718831
1815039,satan163
1815039,yinxiang
1815039,wenzel
nyserq,nyserq
nyserq,80722428
Hurtbreak,Hurtbreak
Hurtbreak,yinxiang
53269895,53269895
53269895,fotox
53269895,Huxinghang510
53269895,yinxiang
53269895,69290051
Jimmydtc,Jimmydtc
fotox,fotox
fotox,gegejing
lzzzzzfbee,lzzzzzfbee
lzzzzzfbee,satan163
lzzzzzfbee,veverlee
31528814,31528814
31528814,69290051
31528814,yanluohan
doodieblah,doodieblah
doodieblah,blueshadow
xiongyede,xiongyede
xiongyede,wenzel
xiongyede,blueshadow
blueshadow,blueshadow
blueshadow,chunsue
blueshadow,satan163
blueshadow,iorl
4426368,4426368
4426368,blueshadow
suzichong,suzichong
suzanne1005,suzanne1005
suzanne1005,foofights
yamap9thApr.,yamap9thApr.
yamap9thApr.,blueshadow
yamap9thApr.,69290051
yamap9thApr.,wenzel
143976319,143976319
130451028,130451028
nangle,nangle
nangle,FrankWasabi
nangle,satan163
59715109,59715109
59715109,58059498
59715109,rakumm
59715109,2429292
59715109,veverlee
59715109,wenzel
115552732,115552732
115552732,53886643
115552732,wenzel
115552732,80722428
115552732,yinxiang
115552732,58059498
115552732,petertang
115552732,FrankWasabi
83671494,83671494
83671494,veverlee
67968935,67968935
1458725,1458725
panzi,panzi
1121733,1121733
82332915,82332915
4538292,4538292
91815909,91815909
citywork,citywork
Mrs_Dalloway,Mrs_Dalloway
56959224,56959224
56959224,angle223
56959224,nyserq
138396931,138396931
91882592,91882592
xavier81,xavier81
amu1018,amu1018
42484647,42484647
134500343,134500343
134500343,imecstasy
along,along
chankun,chankun
36149701,36149701
36149701,chunsue
36149701,ivanshark
2946082,2946082
2946082,56411248
2946082,138168992
nieblalan,nieblalan
nieblalan,63730928
nieblalan,49213881
nieblalan,rakumm
nieblalan,3718831
nieblalan,boks
nieblalan,FrankWasabi
nieblalan,wenzel
nieblalan,yinxiang
62917415,62917415
yanluohan,yanluohan
yanluohan,wenzel
lazydesigner,lazydesigner
2866622,2866622
abin520918,abin520918
abin520918,shezaizuyi
abin520918,49213881
abin520918,zuosan
abin520918,rakumm
abin520918,53269895
abin520918,48687824
abin520918,Huxinghang510
abin520918,byebyebadman
abin520918,scaryzion
abin520918,satan163
abin520918,along
abin520918,FrankWasabi
abin520918,imecstasy
abin520918,1815039
abin520918,69290051
abin520918,58059498
abin520918,3718831
abin520918,veverlee
abin520918,3310354
abin520918,angle223
abin520918,wenzel
abin520918,yinxiang
abin520918,chunsue
hualala,hualala
hualala,58059498
hualala,3718831
hualala,wenzel
hualala,veverlee
hualala,iorl
hualala,tuta
53088168,53088168
dormant,dormant
dormant,nevertori
dormant,tuta
hx615,hx615
54277204,54277204
54277204,sunny.de.sky
54277204,46721798
135843569,135843569
zhoujiaqi,zhoujiaqi
zhoujiaqi,yinxiang
zhoujiaqi,wenzel
Hyke,Hyke
yestrovsky,yestrovsky
yestrovsky,wenzel
55714302,55714302
1493686,1493686
zoujian-999,zoujian-999
48322904,48322904
42576920,42576920
4454692,4454692
53833067,53833067
shaomao1,shaomao1
shaomao1,chunsue
shaomao1,3718831
shaomao1,Death1nJuly
idodoi,idodoi
JChinKynn,JChinKynn
zeniris,zeniris
chen1776,chen1776
49612534,49612534
49612534,3718831
2472867,2472867
2472867,yinxiang
2472867,3718831
2472867,69290051
2472867,58059498
2472867,veverlee
2472867,wenzel
142866270,142866270
S.Q.X,S.Q.X
S.Q.X,yinxiang
1551353,1551353
81834646,81834646
81834646,48687824
81834646,63661558
47836887,47836887
berialgreener,berialgreener
130814073,130814073
erobin,erobin
yjrchince,yjrchince
wangyi_fly,wangyi_fly
wangyi_fly,yinxiang
wangyi_fly,veverlee
wangyi_fly,satan163
wangyi_fly,chunsue
wangyi_fly,shaomao1
44517782,44517782
chesterchoi,chesterchoi
chesterchoi,131719688
155494518,155494518
53201983,53201983
142681970,142681970
82299258,82299258
60624451,60624451
chongguo,chongguo
77758955,77758955
63822026,63822026
131616351,131616351
131616351,47904693
bigsheng,bigsheng
bigsheng,satan163
bigsheng,Black2018
50670954,50670954
61389070,61389070
101047030,101047030
Sammyzheng,Sammyzheng
3242190,3242190
113567658,113567658
140438327,140438327
42781557,42781557
77766922,77766922
136075796,136075796
122229691,122229691
34889256,34889256
okmovie,okmovie
2765105,2765105
nearlloveyou,nearlloveyou
74561416,74561416
74561416,veverlee
74561416,49213881
74561416,angle223
74561416,satan163
74561416,FrankWasabi
dzone,dzone
4074535,4074535
139145655,139145655
147988709,147988709
54192161,54192161
92383251,92383251
128776282,128776282
122002018,122002018
67326475,67326475
AllanBen,AllanBen
cartmann,cartmann
90028520,90028520
90028520,58059498
nuolanuolanuola,nuolanuolanuola
danlan121,danlan121
150010823,150010823
52046312,52046312
127588837,127588837
127588837,69290051
46665080,46665080
46665080,50438518
46665080,wenzel
61781616,61781616
119313402,119313402
147663997,147663997
147577220,147577220
142037194,142037194
146432011,146432011
1259506,1259506
73887560,73887560
50438518,50438518
50438518,46665080
138779494,138779494
60604933,60604933
justin-vboy,justin-vboy
146515035,146515035
62503467,62503467
80246281,80246281
120694301,120694301
59383084,59383084
Wannaly,Wannaly
151874148,151874148
66999941,66999941
123123536,123123536
29907289,29907289
29907289,AlohA0407
153974107,153974107
137728472,137728472
84381652,84381652
84381652,48687824
84381652,veverlee
84381652,58059498
152317917,152317917
2298553,2298553
102691619,102691619
102691619,veverlee
102691619,wenzel
1722091,1722091
1722091,yinxiang
141599512,141599512
143313106,143313106
83776773,83776773
49209733,49209733
41758984,41758984
taoyao2weiqing,taoyao2weiqing
metkee,metkee
55886364,55886364
bridge3water,bridge3water
bridge3water,chunsue
ivy726,ivy726
27432217,27432217
50020191,50020191
millylyu,millylyu
65924681,65924681
63401608,63401608
63401608,helicopter
88938201,88938201
92636246,92636246
52853097,52853097
88273996,88273996
51320114,51320114
141749699,141749699
141749699,fotox
141749699,108077404
macsky,macsky
dglysz,dglysz
2468697,2468697
130540529,130540529
jessicaroddick,jessicaroddick
cindyyaya,cindyyaya
32067782,32067782
121628266,121628266
125455757,125455757
47904693,47904693
elingwu,elingwu
elingwu,angle223
49856371,49856371
1971410,1971410
141372598,141372598
minsi,minsi
minsi,yinxiang
47837480,47837480
20676116,20676116
132352255,132352255
64093040,64093040
yy71344,yy71344
53611798,53611798
5772280,5772280
zoejuan,zoejuan
zoejuan,yinxiang
102582496,102582496
146752734,146752734
49989946,49989946
53425694,53425694
41521988,41521988
41521988,1815039
41521988,chunsue
43297403,43297403
82669426,82669426
catning,catning
SnoWhite_1222,SnoWhite_1222
153538783,153538783
131486471,131486471
131486471,blueshadow
131486471,chunsue
81227341,81227341
78176261,78176261
72870072,72870072
72870072,angle223
87130903,87130903
132658354,132658354
1411981,1411981
50146814,50146814
124001103,124001103
110097093,110097093
45461158,45461158
157638291,157638291
147102664,147102664
58113869,58113869
130946317,130946317
se7en_moxa,se7en_moxa
se7en_moxa,chunsue
58059498,58059498
58059498,satan163
58059498,yinxiang
58059498,69290051
58059498,3718831
58059498,veverlee
58059498,imecstasy
nancyasuka,nancyasuka
nancyasuka,imecstasy
57523661,57523661
lauraxue,lauraxue
43746,43746
a3san,a3san
a3san,wenzel
a3san,huitianyou
97637940,97637940
97637940,zuosan
97637940,yinxiang
97637940,69290051
97637940,fotox
3633183,3633183
58041248,58041248
1354853,1354853
TheGZMovieGuy,TheGZMovieGuy
TheGZMovieGuy,helicopter
scaryzion,scaryzion
scaryzion,boks
foofights,foofights
foofights,suzanne1005
dududoor,dududoor
upwaterr72,upwaterr72
roczhen,roczhen
Heyimwalker,Heyimwalker
40008975,40008975
40008975,satan163
MuseK,MuseK
MuseK,yinxiang
1891717,1891717
jixiantiaozhan0,jixiantiaozhan0
sousukexs,sousukexs
gene4ever,gene4ever
45008619,45008619
45008619,chunsue
merengue,merengue
fanmengya,fanmengya
120008046,120008046
120008046,fotox
120008046,58059498
127466089,127466089
53559432,53559432
53559432,48198672
Sophieless,Sophieless
Sophieless,nieblalan
87413173,87413173
ivanshark,ivanshark
ivanshark,iorl
53362350,53362350
yangjiaohuiben,yangjiaohuiben
114977043,114977043
3752454,3752454
67447555,67447555
NeoCobra,NeoCobra
65907866,65907866
55509648,55509648
4566159,4566159
70413922,70413922
53774009,53774009
61346202,61346202
61455222,61455222
bbjiangayu,bbjiangayu
shawnapan1021_,shawnapan1021_
pinip,pinip
evanie,evanie
139253383,139253383
melodykyo,melodykyo
melodykyo,69290051
115098925,115098925
70887780,70887780
67541431,67541431
145223183,145223183
145223183,chunsue
129828192,129828192
129828192,petertang
129828192,Jimmydtc
129828192,shezaizuyi
129828192,69290051
129828192,48687824
129828192,fotox
129828192,imecstasy
129828192,satan163
129828192,58059498
129828192,1815039
88917641,88917641
49473004,49473004
138429870,138429870
51564570,51564570
zhenhanbian,zhenhanbian
141684218,141684218
101779807,101779807
48863239,48863239
154139791,154139791
fhbaidu,fhbaidu
fhbaidu,chunsue
138005096,138005096
138005096,chunsue
83993012,83993012
151706549,151706549
151706549,yinxiang
48045336,48045336
jillianc,jillianc
jillianc,imecstasy
jillianc,satan163
16880687,16880687
81636928,81636928
149398657,149398657
122757708,122757708
57586101,57586101
148979907,148979907
48198672,48198672
48198672,3310354
48198672,53559432
catherinehman,catherinehman
catherinehman,thecatintherye
catherinehman,sho_chiu
catherinehman,pussio
catherinehman,satan163
catherinehman,chunsue
44849027,44849027
sunny.de.sky,sunny.de.sky
sunny.de.sky,54277204
sunny.de.sky,satan163
guinguin,guinguin
2697141,2697141
2697141,69290051
xyxyxyxyxy1995,xyxyxyxyxy1995
coreless,coreless
coreless,chunsue
coreless,34117542
coreless,wenzel
coreless,Hurtbreak
coreless,chen1776
150735947,150735947
72783700,72783700
72783700,petertang
72783700,chunsue
72783700,veverlee
57910863,57910863
weizen,weizen
148062133,148062133
huanniaobu,huanniaobu
4323147,4323147
98956225,98956225
masterobert,masterobert
masterobert,satan163
Shady-or-Leslie,Shady-or-Leslie
53886643,53886643
53886643,115552732
53886643,50790386
53886643,Newidiot
64968500,64968500
bany,bany
bany,blueshadow
zhongguobaoan,zhongguobaoan
beto,beto
on-stone,on-stone
momomomomogu,momomomomogu
cheryl0506,cheryl0506
124693692,124693692
49294423,49294423
stephenday,stephenday
3899026,3899026
53485113,53485113
145149457,145149457
145149457,chunsue
145149457,veverlee
150940966,150940966
3631511,3631511
149000443,149000443
grassgggg,grassgggg
grassgggg,80722428
149247939,149247939
158762274,158762274
ymdsakuyuki,ymdsakuyuki
150822012,150822012
50790386,50790386
155626383,155626383
ingwerstein,ingwerstein
ingwerstein,along
ingwerstein,wenzel
2429292,2429292
87083309,87083309
87083309,veverlee
87083309,tildali1214
87083309,imecstasy
87083309,Sammyzheng
minquan,minquan
minquan,53269895
mrfengge,mrfengge
78426497,78426497
144881358,144881358
52784441,52784441
17129258,17129258
56985246,56985246
3372957,3372957
Arielcong,Arielcong
35068635,35068635
68325010,68325010
68325010,58059498
xumanman,xumanman
xumanman,wenzel
96513383,96513383
144975066,144975066
144975066,chunsue
144975066,yinxiang
63512808,63512808
63512808,chunsue
122925510,122925510
66701134,66701134
44291524,44291524
89911663,89911663
141049149,141049149
hjscez,hjscez
hjscez,porKiller
hjscez,wenzel
hjscez,Hurtbreak
53021898,53021898
53021898,donkey-grandpa
43556775,43556775
54894028,54894028
54894028,blueshadow
48483451,48483451
Rebina,Rebina
hearyin,hearyin
hearyin,1815039
acbc115,acbc115
132056679,132056679
132056679,veverlee
52991191,52991191
48712788,48712788
103610652,103610652
76752196,76752196
leauna,leauna
116540697,116540697
chenzhaozhao,chenzhaozhao
139819781,139819781
73578242,73578242
77407325,77407325
ZebraBookstore,ZebraBookstore
ZebraBookstore,yinxiang
73122249,73122249
73122249,wenzel
46977530,46977530
54129947,54129947
53632841,53632841
49578533,49578533
123049398,123049398
140716618,140716618
89559680,89559680
96368540,96368540
156438110,156438110
156722041,156722041
79305800,79305800
157026428,157026428
2003629,2003629
2003629,veverlee
2003629,3982646
xiubei,xiubei
xiubei,rakumm
donkey-grandpa,donkey-grandpa
donkey-grandpa,53021898
Newidiot,Newidiot
Newidiot,fotox
Newidiot,53269895
Newidiot,69290051
Newidiot,53886643
Newidiot,along
Newidiot,58059498
Newidiot,yinxiang
Newidiot,chunsue
Newidiot,satan163
Newidiot,rakumm
Newidiot,scaryzion
Newidiot,3718831
Newidiot,veverlee
Newidiot,wenzel
Newidiot,angle223
48687824,48687824
48687824,Death1nJuly
48687824,3718831
3718831,3718831
3718831,shaomao1
3718831,69290051
3718831,58059498
3718831,1815039
3718831,75805315
3718831,49612534
3718831,veverlee
3718831,yinxiang
3718831,satan163
3718831,48687824
3718831,Death1nJuly
3718831,FrankWasabi
3718831,imecstasy
3718831,wenzel
3718831,chunsue
3718831,along
Death1nJuly,Death1nJuly
Death1nJuly,48687824
Death1nJuly,3718831
Death1nJuly,wenzel
Death1nJuly,shaomao1
Death1nJuly,chrisWen
Repression,Repression
52935573,52935573
48673876,48673876
48673876,58059498
48673876,69290051
48673876,75805315
48673876,blueshadow
chansi,chansi
chansi,yinxiang
chansi,satan163
chansi,2429292
chansi,veverlee
horadric,horadric
sho_chiu,sho_chiu
sho_chiu,catherinehman
128991169,128991169
pussio,pussio
pussio,david214
pussio,58059498
pussio,satan163
132539193,132539193
132539193,veverlee
adrian.chai.au,adrian.chai.au
57591346,57591346
ys1013,ys1013
125362688,125362688
121883364,121883364
gaopengs,gaopengs
1211087,1211087
116605350,116605350
kokcw,kokcw
66335373,66335373
Jealousy,Jealousy
91226711,91226711
91226711,69290051
91226711,58059498
75576250,75576250
joker0820,joker0820
56161426,56161426
zero8,zero8
zero8,zuosan
50164137,50164137
157496988,157496988
140816102,140816102
ek2010,ek2010
158187153,158187153
57132475,57132475
AlohA0407,AlohA0407
billszn,billszn
46721798,46721798
46721798,54277204
43067179,43067179
50967494,50967494
50967494,58059498
2387348,2387348
4551800,4551800
Aurour,Aurour
63202867,63202867
72028864,72028864
1488909,1488909
64913401,64913401
51354919,51354919
51354919,129783136
35914058,35914058
68639087,68639087
68639087,98956225
50415353,50415353
66479915,66479915
66479915,aaaaaaaaaaa
66479915,yinxiang
66479915,veverlee
1651604,1651604
122182306,122182306
henzen,henzen
58346241,58346241
gongqiong,gongqiong
1592753,1592753
69385606,69385606
34301030,34301030
139685881,139685881
142308683,142308683
138564918,138564918
14407650,14407650
120442333,120442333
138168992,138168992
138168992,2429292
138168992,2946082
44924342,44924342
49670470,49670470
ruo222,ruo222
ruo222,yinxiang
104903420,104903420
xiaoyangxi,xiaoyangxi
58631315,58631315
1331504,1331504
antgel,antgel
65924127,65924127
sharonlc,sharonlc
103400485,103400485
103400485,2429292
103400485,veverlee
103400485,yinxiang
103400485,69290051
103400485,satan163
103400485,58059498
103400485,wenzel
103400485,3718831
vliangfrank,vliangfrank
vliangfrank,along
1385163,1385163
1127603,1127603
78840459,78840459
124664981,124664981
64506925,64506925
143687179,143687179
78840037,78840037
153703383,153703383
wenyiguairen,wenyiguairen
31825479,31825479
45410430,45410430
143765688,143765688
niguize,niguize
boks,boks
boks,tildali1214
boks,chunsue
unnanae,unnanae
unnanae,yanluohan
unnanae,80722428
unnanae,fotox
unnanae,satan163
unnanae,veverlee
unnanae,angle223
jiekchenid,jiekchenid
petertang,petertang
petertang,72783700
petertang,veverlee
petertang,yinxiang
aaaaaaaaaaa,aaaaaaaaaaa
70024677,70024677
chunsue,chunsue
chunsue,shaomao1
chunsue,catherinehman
chunsue,FrankWasabi
chunsue,boks
chunsue,imecstasy
chunsue,hankluo
chunsue,3718831
chunsue,veverlee
3335015,3335015
3335015,58059498
3335015,angle223
hugofung,hugofung
noahsart,noahsart
noahsart,58059498
noahsart,veverlee
noahsart,yinxiang
noahsart,49213881
noahsart,rakumm
noahsart,wenzel
Vicky0507,Vicky0507
smumy,smumy
81336001,81336001
TomiOh,TomiOh
sherryxie0805,sherryxie0805
sherryxie0805,imecstasy
haywire,haywire
46815070,46815070
146254051,146254051
shadowkid,shadowkid
48521692,48521692
58850320,58850320
aiconanao,aiconanao
131707294,131707294
wylwddjz,wylwddjz
78603515,78603515
51545392,51545392
59042355,59042355
windy1993,windy1993
1811212,1811212
52902931,52902931
little-wen,little-wen
little-wen,wenzel
peterpyan,peterpyan
stompbabe,stompbabe
36185277,36185277
54977228,54977228
13818711,13818711
13818711,blueshadow
82537630,82537630
51951428,51951428
smileykiko,smileykiko
smileykiko,chunsue
smileykiko,wenzel
adykkk,adykkk
lihudo,lihudo
lihudo,Zazai
wisperzz,wisperzz
46397046,46397046
echo19870605bj,echo19870605bj
echo19870605bj,Mrs_Dalloway
71298339,71298339
71298339,58059498
mtcook,mtcook
