99550697	
Celine_Young	
88180115	
83358579	
BettyLuu	
141330429	
152281142	
149570359	
sophia_yang	
dalaoshi9999	
sugicsq	
53773948	
yuyue_9527	
kayking	
156293263	
66800603	
fengcate	
iocye	
138422735	
35893058	
145508603	
144923197	
137986876	
144479765	
126269009	
58046256	
120795139	
58342537	
151355735	
135842826	
127204942	
52233519	
141990756	
127752505	
119113192	
144245138	
58570436	
cazze	
1282175	
zuosan	
willdawn	
wenzel	
108077404	
ecane	
lithiumberry	
Rabit43127157	
78164697	
63730928	
Makoto614	
3743261	
70930463	
36795841	
fszzsndjdbxd	
66989068	
rlly503	
heptahedron	
limingzhu626	
13310358	
138297654	
56827554	
121487252	
1869247	
121697024	
dreamsun_94	
79168746	
4662505	
127982943	
96237677	
156548499	
1444948	
69290051	
3982646	
tuta	
75805315	
3310354	
37313645	
75609687	
musemomo	
shezaizuyi	
FrankWasabi	
ewan7	
80722428	
14928622	
catvoldemort	
2248658	
mrlee9238	
lilyang	
tildali1214	
helicopter	
66184715	
jad1s	
64882453	
shuangyugongjue	
4175111	
choux	
emlia	
rae	
TERRYBEAR	
56411248	
questwoo	
kovivida	
Chliztian	
verrivanii	
3000313	
louis_li	
Black2018	
guomuyang	
68632569	
chrisWen	
some_Ji	
74133741	
thecatintherye	
gegejing	
ilovelusi	
jiangziwen	
xc-cindy	
53643483	
limontai	
80813290	
68825060	
verawxl	
Ylraeon	
porKiller	
billbzzhang	
whowho2008	
83767002	
36500825	
151844672	
irissharing	
missmici	
Moondancelu	
ayint	
12388561	
57413660	
2198692	
79699912	
cleonrui	
yunzigao	
xiaozidezi	
142831820	
ichigogogo	
80766351	
57774716	
77014669	
maydaysweety	
46388956	
127408197	
gasolin	
laylasn	
meiamour	
3358296	
51264470	
linkelf	
52222708	
accelerator21	
91640353	
60854074	
39355167	
7632975	
41786595	
46456770	
154580297	
Gabrielle_11	
51583782	
Toutou7	
1058726	
sweetnnuthin423	
19676752	
maiji	
33201871	
llamame	
76057834	
Chilwoo	
imking666	
57451219	
49341787	
136791484	
119074407	
84031569	
34117542	
151964683	
alexlibra	
134219184	
83891521	
mrdalloway	
maraton	
68792801	
togilj	
Grizabella	
Acorus	
applires	
4856461	
sadakofuji	
137282375	
146730004	
pinkkumo	
1919109	
63445845	
74772362	
157067682	
1641226	
stay-labyrinth	
73919831	
GeoLogus	
99995336	
55823396	
154805320	
78837465	
54300054	
156367754	
heartkokoro	
paparuyun	
36552060	
148101558	
64710075	
154693373	
74058657	
yupian	
124754609	
10140622	
148424418	
fromforest	
54764511	
152809509	
leeleoxia	
149100023	
tobiah	
4221061	
67854856	
119076891	
Wendyjiang	
MoJiu	
45806564	
82576297	
XIALI	
48923783	
64502228	
46070813	
103732735	
43838422	
48956597	
48132039	
50537038	
145983605	
144009706	
87499541	
119855277	
56973622	
63672269	
77648355	
132932263	
121727087	
156305433	
72764839	
139501455	
156546936	
138932959	
142961972	
139374093	
54045120	
158616332	
158574352	
67131342	
62651337	
54731797	
yinxiang	
angle223	
Zazai	
hankluo	
45414635	
124092156	
49213881	
mankee	
satan163	
137763528	
119429128	
67374495	
AveryShen	
45749483	
131719688	
YYDEE	
lalalin	
summer0706	
iorl	
68161017	
48369193	
singdraw	
125114672	
hwq0809	
maktubdestiny	
83363637	
birdieeos	
153950189	
156064887	
147019613	
3407891	
david214	
40251997	
142521368	
129783136	
132099750	
woodvillage	
1169851	
75688896	
wangao0121	
132595212	
151538080	
51720308	
47392079	
orangeumoon	
huitianyou	
62606706	
61276700	
126734953	
144515746	
41531934	
diana53	
58081204	
157237265	
63661558	
144439504	
136525619	
128666422	
50702384	
83686318	
52629724	
155404045	
135085657	
51949652	
110170204	
1770636	
151267648	
78282612	
Bplus	
kevindai07	
119878538	
zoelovebing	
3355167	
124568524	
4434079	
mingge1992	
126028524	
43106012	
46896226	
arida4444	
50953472	
146053212	
typhanie	
43938230	
53983091	
Kingth	
3439235	
115772568	
45535711	
Amelieyou	
82765640	
amylewis	
52045277	
119945954	
46329616	
141283048	
131895996	
146885131	
leonstratos	
148254055	
BasiGuangnian	
3548264	
68609749	
71803735	
talkwith1988	
157071960	
138778899	
2505256	
47370048	
122361372	
qingyang2011	
1428147	
156113290	
150328587	
153303221	
153343327	
sleep-123	
156053724	
158823685	
4209553	
158256783	
47911007	
56035003	
52044633	
32135185	
70323822	
150213593	
byebyebadman	
43846305	
54158519	
55340250	
46572945	
148975016	
cici2636	
140385575	
155374254	
154784998	
njtintin	
146938025	
1798295	
53323941	
126760196	
exploremore	
102947825	
10182566	
50033341	
palomine	
15343656	
68743256	
cheergao	
51133130	
54203798	
kidify	
76785140	
147928648	
129819393	
155438139	
1185291	
140764103	
34542650	
nevertori	
veverlee	
quzhantuoyue	
youngriver	
2911366	
kurillaz	
fccz	
65236397	
66535614	
5525460	
yiliawen	
baijixing	
35283943	
13570007	
144054432	
cynthia3922	
direvil	
luoshuiyunshang	
81775805	
99340821	
63676625	
47826669	
xiaxueyuanzi	
155377007	
135867497	
48342724	
50491497	
a2555	
155298515	
LululuJR	
157835480	
70638098	
rakumm	
imecstasy	
Huxinghang510	
1815039	
nyserq	
Hurtbreak	
53269895	
Jimmydtc	
fotox	
lzzzzzfbee	
31528814	
doodieblah	
xiongyede	
blueshadow	
4426368	
suzichong	
suzanne1005	
yamap9thApr.	
143976319	
130451028	
nangle	
59715109	
115552732	
83671494	
67968935	
1458725	
panzi	
1121733	
82332915	
4538292	
91815909	
citywork	
Mrs_Dalloway	
56959224	
138396931	
91882592	
xavier81	
amu1018	
42484647	
134500343	
along	
chankun	
36149701	
2946082	
nieblalan	
62917415	
yanluohan	
lazydesigner	
2866622	
abin520918	
hualala	
53088168	
dormant	
hx615	
54277204	
135843569	
zhoujiaqi	
Hyke	
yestrovsky	
55714302	
1493686	
zoujian-999	
48322904	
42576920	
4454692	
53833067	
shaomao1	
idodoi	
JChinKynn	
zeniris	
chen1776	
49612534	
2472867	
142866270	
S.Q.X	
1551353	
81834646	
47836887	
berialgreener	
130814073	
erobin	
yjrchince	
wangyi_fly	
44517782	
chesterchoi	
155494518	
53201983	
142681970	
82299258	
60624451	
chongguo	
77758955	
63822026	
131616351	
bigsheng	
50670954	
61389070	
101047030	
Sammyzheng	
3242190	
113567658	
140438327	
42781557	
77766922	
136075796	
122229691	
34889256	
okmovie	
2765105	
nearlloveyou	
74561416	
dzone	
4074535	
139145655	
147988709	
54192161	
92383251	
128776282	
122002018	
67326475	
AllanBen	
cartmann	
90028520	
nuolanuolanuola	
danlan121	
150010823	
52046312	
127588837	
46665080	
61781616	
119313402	
147663997	
147577220	
142037194	
146432011	
1259506	
73887560	
50438518	
138779494	
60604933	
justin-vboy	
146515035	
62503467	
80246281	
120694301	
59383084	
Wannaly	
151874148	
66999941	
123123536	
29907289	
153974107	
137728472	
84381652	
152317917	
2298553	
102691619	
1722091	
141599512	
143313106	
83776773	
49209733	
41758984	
taoyao2weiqing	
metkee	
55886364	
bridge3water	
ivy726	
27432217	
50020191	
millylyu	
65924681	
63401608	
88938201	
92636246	
52853097	
88273996	
51320114	
141749699	
macsky	
dglysz	
2468697	
130540529	
jessicaroddick	
cindyyaya	
32067782	
121628266	
125455757	
47904693	
elingwu	
49856371	
1971410	
141372598	
minsi	
47837480	
20676116	
132352255	
64093040	
yy71344	
53611798	
5772280	
zoejuan	
102582496	
146752734	
49989946	
53425694	
41521988	
43297403	
82669426	
catning	
SnoWhite_1222	
153538783	
131486471	
81227341	
78176261	
72870072	
87130903	
132658354	
1411981	
50146814	
124001103	
110097093	
45461158	
157638291	
147102664	
58113869	
130946317	
se7en_moxa	
58059498	
nancyasuka	
57523661	
lauraxue	
octo8	
a3san	
97637940	
3633183	
58041248	
1354853	
TheGZMovieGuy	
scaryzion	
foofights	
dududoor	
upwaterr72	
roczhen	
Heyimwalker	
40008975	
MuseK	
1891717	
jixiantiaozhan0	
sousukexs	
gene4ever	
45008619	
merengue	
fanmengya	
120008046	
127466089	
53559432	
Sophieless	
87413173	
ivanshark	
53362350	
yangjiaohuiben	
114977043	
3752454	
67447555	
NeoCobra	
65907866	
55509648	
4566159	
70413922	
53774009	
61346202	
61455222	
bbjiangayu	
shawnapan1021_	
pinip	
evanie	
139253383	
melodykyo	
115098925	
70887780	
67541431	
145223183	
129828192	
88917641	
49473004	
138429870	
51564570	
zhenhanbian	
141684218	
101779807	
48863239	
154139791	
fhbaidu	
138005096	
83993012	
151706549	
48045336	
jillianc	
16880687	
81636928	
149398657	
122757708	
57586101	
148979907	
48198672	
catherinehman	
44849027	
sunny.de.sky	
guinguin	
2697141	
xyxyxyxyxy1995	
coreless	
150735947	
72783700	
57910863	
weizen	
148062133	
huanniaobu	
4323147	
98956225	
masterobert	
Shady-or-Leslie	
53886643	
64968500	
bany	
zhongguobaoan	
beto	
on-stone	
momomomomogu	
cheryl0506	
124693692	
49294423	
stephenday	
3899026	
53485113	
145149457	
150940966	
3631511	
149000443	
grassgggg	
149247939	
158762274	
ymdsakuyuki	
150822012	
50790386	
155626383	
ingwerstein	
2429292	
87083309	
minquan	
mrfengge	
78426497	
144881358	
52784441	
17129258	
56985246	
3372957	
Arielcong	
35068635	
68325010	
xumanman	
96513383	
144975066	
63512808	
122925510	
66701134	
44291524	
89911663	
141049149	
hjscez	
53021898	
43556775	
54894028	
48483451	
Rebina	
hearyin	
acbc115	
132056679	
52991191	
48712788	
103610652	
76752196	
leauna	
116540697	
chenzhaozhao	
139819781	
73578242	
77407325	
ZebraBookstore	
73122249	
46977530	
54129947	
53632841	
49578533	
123049398	
140716618	
89559680	
96368540	
156438110	
156722041	
79305800	
157026428	
2003629	
xiubei	
donkey-grandpa	
Newidiot	
48687824	
3718831	
Death1nJuly	
Repression	
52935573	
48673876	
chansi	
horadric	
sho_chiu	
128991169	
pussio	
132539193	
adrian.chai.au	
57591346	
ys1013	
125362688	
121883364	
gaopengs	
1211087	
116605350	
kokcw	
66335373	
Jealousy	
91226711	
75576250	
joker0820	
56161426	
zero8	
50164137	
157496988	
140816102	
ek2010	
158187153	
57132475	
AlohA0407	
billszn	
46721798	
43067179	
50967494	
2387348	
4551800	
Aurour	
63202867	
72028864	
1488909	
64913401	
51354919	
35914058	
68639087	
50415353	
66479915	
1651604	
122182306	
henzen	
58346241	
gongqiong	
1592753	
69385606	
34301030	
139685881	
142308683	
138564918	
14407650	
120442333	
138168992	
44924342	
49670470	
ruo222	
104903420	
xiaoyangxi	
58631315	
1331504	
antgel	
65924127	
sharonlc	
103400485	
vliangfrank	
1385163	
1127603	
78840459	
124664981	
64506925	
143687179	
78840037	
153703383	
wenyiguairen	
31825479	
45410430	
143765688	
niguize	
boks	
unnanae	
jiekchenid	
petertang	
aaaaaaaaaaa	
70024677	
chunsue	
3335015	
hugofung	
noahsart	
Vicky0507	
smumy	
81336001	
TomiOh	
sherryxie0805	
haywire	
46815070	
146254051	
shadowkid	
48521692	
58850320	
aiconanao	
131707294	
wylwddjz	
78603515	
51545392	
59042355	
windy1993	
1811212	
52902931	
little-wen	
peterpyan	
stompbabe	
36185277	
54977228	
13818711	
82537630	
51951428	
smileykiko	
adykkk	
lihudo	
wisperzz	
46397046	
echo19870605bj	
71298339	
mtcook	
